IssueId,IssueUrl,Severity,ShortId,Title,Status,AssigneeIdentity,AssignedGroup,CreateDate,Item,LastUpdatedConversationDate,Type,Age,LastUpdatedDate
2d55fc93-b90b-4f74-86d6-a99005cf9333,https://t.corp.amazon.com/issues/V2136178815,5,V2136178815,UWI2 Open Top Dumpster Request,Researching,79d9fdda-320f-4c18-8784-b15baf2b0335,GSF Procurement-Soft Services,2026-03-11T13:33:09.687Z,Waste/Corrugate Removal - Extra Equipment,2026-03-17T15:39:36.991Z,GSF Soft Services,7,2026-03-17T15:39:49.400Z
271ff084-8db5-45ef-98d0-28dec95df02a,https://t.corp.amazon.com/issues/V2129499971,5,V2129499971,EPJ Thing3,Researching,lvishny,GSF Procurement-Soft Services,2026-03-05T16:17:43.596Z,PIT - Corrective Maintenance/Repairs,2026-03-16T15:55:21.070Z,GSF Soft Services,12,2026-03-16T15:55:21.070Z
9d2a9222-221f-430d-94ab-a3ed3932123e,https://t.corp.amazon.com/issues/V2130877034,5,V2130877034,AGL Food Waste Removal,Assigned,mminshew,GSF Procurement-Soft Services,2026-03-06T19:29:21.454Z,Food Waste Removal,2026-03-13T19:41:51.910Z,GSF Soft Services,11,2026-03-14T20:05:26.524Z
514d6efb-fd85-4478-8e29-2f9f6d379c03,https://t.corp.amazon.com/issues/V2142545871,5,V2142545871,[MAC0] [Janitorial Services Request],Work In Progress,eridou,GSF Procurement-Soft Services,2026-03-16T16:32:32.691Z,Janitorial - Vendor Escalation,2026-03-17T19:59:55.794Z,GSF Soft Services,1,2026-03-17T19:59:55.794Z
21c63174-1323-4db2-985f-b0e2fbdb6a73,https://t.corp.amazon.com/issues/V2122486371,2,V2122486371,Got junk support needed 2/27---- UNY2,Pending,honghli,GSF Procurement-Soft Services,2026-02-27T08:44:58.477Z,Waste/Corrugate Removal - Vendor Escalation,2026-03-18T13:32:53.146Z,GSF Soft Services,19,2026-03-18T13:32:53.146Z
084b41e6-1906-4a69-8af9-bd8b226582cd,https://t.corp.amazon.com/issues/D411614759,5,D411614759,ALT1 - Service Escalation - Selecta vending prices,Work In Progress,79d9fdda-320f-4c18-8784-b15baf2b0335,GSF Procurement-Soft Services,2026-03-16T14:17:53.352Z,Breakroom Services - Service Change,2026-03-16T14:56:37.742Z,GSF Soft Services,2,2026-03-17T14:25:48.332Z
8bca646b-dc1d-473a-b506-592ee431e060,https://t.corp.amazon.com/issues/V2091999263,5,V2091999263,PIT Equipment - Corrective Maintenance/Repairs - Site Code (UUK2),Work In Progress,megsbam,GSF Procurement-Soft Services,2026-01-30T09:51:25.197Z,PIT - Corrective Maintenance/Repairs,2026-03-10T10:29:42.960Z,GSF Soft Services,47,2026-03-10T10:29:42.960Z
b0e701b8-d948-4e4e-a97a-257718b28fc5,https://t.corp.amazon.com/issues/V2121470869,3,V2121470869,PIT Equipment - Corrective Maintenance/Repairs - Site Code (UGA4),Pending,79d9fdda-320f-4c18-8784-b15baf2b0335,GSF Procurement-Soft Services,2026-02-26T12:04:39.440Z,PIT - Corrective Maintenance/Repairs,2026-03-18T15:17:48.173Z,GSF Soft Services,20,2026-03-18T15:18:07.142Z
ac4dd822-9365-4c13-b590-943257df1b10,https://t.corp.amazon.com/issues/V2127214567,3,V2127214567,Janitorial Services - Service Change - Provide a brief description:(Janitorial Hours) and site code:(UFL6  ),Pending,eridou,GSF Procurement-Soft Services,2026-03-03T18:45:06.267Z,Janitorial - Service Change,2026-03-16T23:05:26.685Z,GSF Soft Services,14,2026-03-16T23:05:38.271Z
0afba27a-b0a6-4740-b017-81a272ef21e8,https://t.corp.amazon.com/issues/V2139890334,3,V2139890334,Janitorial Services - Vendor Escalation - please decribe your problemProvide a brief description:(THERE IS NO OPERATOR IN SITE  ) and site code:( UIT7 ),Work In Progress,shkhatib,GSF Procurement-Soft Services,2026-03-14T09:21:32.131Z,Janitorial - Vendor Escalation,2026-03-17T17:35:29.808Z,GSF Soft Services,4,2026-03-18T09:42:23.568Z
9f5d24d6-4dec-4c4e-9c88-06d2cea14250,https://t.corp.amazon.com/issues/V2120296682,3,V2120296682,Pest Control - Vendor Escalation - Provide a brief description:( There is a significant presence of large flies reported in the 2nd floor canteen area and along the fire exit staircase. ) and site code:( UUK2 ),Pending,79d9fdda-320f-4c18-8784-b15baf2b0335,GSF Procurement-Soft Services,2026-02-25T12:30:21.412Z,Pest Control - Vendor Escalation,2026-03-17T15:03:09.537Z,GSF Soft Services,21,2026-03-18T15:23:26.911Z
2622d47e-d636-47e0-b20c-c623fb3fed67,https://t.corp.amazon.com/issues/P399722230,3,P399722230,PIT Equipment - One of our EPJs on site is out of service needs Corrective Maintenance/Repairs - Site Code (USF1),Pending,79d9fdda-320f-4c18-8784-b15baf2b0335,GSF Procurement-Soft Services,2026-03-17T05:46:15.167Z,PIT - Corrective Maintenance/Repairs,2026-03-18T12:44:07.748Z,GSF Soft Services,1,2026-03-18T12:44:07.748Z
9de8d5e0-a5a3-4947-9d2a-6bd4dce24c6d,https://t.corp.amazon.com/issues/V2145017986,2,V2145017986,UVA1 - Mouse Sighting,Work In Progress,79d9fdda-320f-4c18-8784-b15baf2b0335,GSF Procurement-Soft Services,2026-03-18T13:02:15.847Z,Pest Control - Equipment Request,2026-03-18T13:40:21.213Z,GSF Soft Services,0,2026-03-18T13:40:21.213Z
6a4490bf-84d1-42f7-985e-ca3b4ef75b23,https://t.corp.amazon.com/issues/V2127583931,3,V2127583931,Equipment - Order Request : Water Cooler Short Description( Site requsting to replace all the water cooler across the site ) Site code:( UIL2 ),Pending,79d9fdda-320f-4c18-8784-b15baf2b0335,GSF Procurement-Soft Services,2026-03-04T01:32:33.816Z,Equipment - Order Requests,2026-03-17T16:13:37.377Z,GSF Soft Services,14,2026-03-17T16:14:20.074Z
9b760b1e-3574-4354-82ff-8d00eb639be9,https://t.corp.amazon.com/issues/V2141308901,3,V2141308901,[MAB1] [Cash Collection/Management Services Request],Assigned,haleyoli,GSF Procurement-Soft Services,2026-03-15T17:08:07.781Z,Cash Collection,2026-03-15T18:58:58.271Z,GSF Soft Services,2,2026-03-16T18:19:04.741Z
929c2d92-0ee5-4063-944d-489ab1ca27eb,https://t.corp.amazon.com/issues/V2121679001,5,V2121679001,Waste/Corrugate Removal - Service Change - Site Code (UMA4),Work In Progress,79d9fdda-320f-4c18-8784-b15baf2b0335,GSF Procurement-Soft Services,2026-02-26T16:09:24.364Z,Waste/Corrugate Removal - Bulk Item Removal,2026-03-17T15:55:05.879Z,GSF Soft Services,19,2026-03-17T15:55:05.879Z
a262129d-e6a2-417d-a721-a1cca6bddea2,https://t.corp.amazon.com/issues/V2137737592,5,V2137737592,Janitorial Services - Vendor Escalation - please decribe your problemProvide a brief description:( not as clean as it used to be ) and site code:( UCA5  ),Researching,eridou,GSF Procurement-Soft Services,2026-03-12T17:36:15.485Z,Janitorial - Vendor Escalation,2026-03-16T15:50:21.720Z,GSF Soft Services,5,2026-03-16T15:50:21.720Z
7b2e5978-6184-4ffa-b2a1-6be51210b8b5,https://t.corp.amazon.com/issues/V2137514414,4,V2137514414,EPJ prong is broken,Work In Progress,79d9fdda-320f-4c18-8784-b15baf2b0335,GSF Procurement-Soft Services,2026-03-12T13:42:30.639Z,PIT - Corrective Maintenance/Repairs,2026-03-17T19:21:01.766Z,GSF Soft Services,6,2026-03-17T19:21:01.766Z
70dfa0c4-4d82-4a72-99d5-3888b975af72,https://t.corp.amazon.com/issues/V2134798637,4,V2134798637,Rodent & Rodent traps replacement,Work In Progress,79d9fdda-320f-4c18-8784-b15baf2b0335,GSF Procurement-Soft Services,2026-03-10T13:33:11.148Z,Pest Control - Insect,2026-03-18T15:21:45.232Z,GSF Soft Services,8,2026-03-18T15:21:45.232Z
03d1d196-a99e-4807-b99c-462383e14a3e,https://t.corp.amazon.com/issues/V1869196785,5,V1869196785,"Site Deprecation - Service Request - Provide a brief description:(Corrugate Augur Removal) and site code:(HMW1, HSE1, DCA2)",Researching,honghli,GSF Procurement-Soft Services,2025-07-22T18:07:23.546Z,Site Deprecation - Service Request,2026-02-27T17:39:20.460Z,GSF Soft Services,238,2026-03-14T20:05:23.503Z
0d2b712f-100f-4d23-8630-b2bd2fb2c61b,https://t.corp.amazon.com/issues/V2122772859,3,V2122772859,"Janitorial Services - Vendor Escalation - UGA2 - Bin cleaning for chilled bins (protein, dairy)",Work In Progress,eridou,GSF Procurement-Soft Services,2026-02-27T15:06:33.649Z,Janitorial - Vendor Escalation,2026-03-17T21:43:13.580Z,GSF Soft Services,19,2026-03-17T21:43:13.580Z
10b60a8e-cd9d-4d98-acd0-324d8f4daef8,https://t.corp.amazon.com/issues/V2139489979,5,V2139489979,Equipment - Cart Repairs: Short Description( ) Site code:( UVA5 ),Assigned,gykalva,GSF Procurement-Soft Services,2026-03-14T00:23:14.137Z,Equipment - Cart Repairs,2026-03-14T15:08:02.371Z,GSF Soft Services,4,2026-03-14T20:05:29.267Z
6d2ad79b-0bf4-4ff5-8d21-1474aa8a63ea,https://t.corp.amazon.com/issues/V2140280456,3,V2140280456,[MAJ8] [Cash Collection/Management Services Request],Assigned,haleyoli,GSF Procurement-Soft Services,2026-03-14T17:49:50.124Z,Cash Collection,2026-03-14T17:54:09.142Z,GSF Soft Services,3,2026-03-14T20:05:31.212Z
8362c55e-eff8-4011-b9fa-11254f6984f1,https://t.corp.amazon.com/issues/V2111706673,3,V2111706673,Equipment - Order Request : Short Description(TC57 Scanners) Site code:(UAZ1),Researching,gykalva,GSF Procurement-Soft Services,2026-02-17T17:27:50.747Z,Equipment - Order Requests,2026-03-17T19:11:49.870Z,GSF Soft Services,28,2026-03-17T19:11:49.870Z
25efa5ec-d119-4490-86a7-9380010d44ac,https://t.corp.amazon.com/issues/P377747152,3,P377747152,UWA6- corrugate compactor,Work In Progress,honghli,GSF Procurement-Soft Services,2026-02-02T19:41:37.933Z,Waste/Corrugate Removal - Compactor Repair,2026-03-17T16:18:02.346Z,GSF Soft Services,43,2026-03-17T16:19:45.889Z
0f5323b9-c0c9-4bd7-abc1-2e000a9d4d2d,https://t.corp.amazon.com/issues/V2120659098,3,V2120659098,[ILS1] [Cash Collection/Management Services Request],Work In Progress,haleyoli,GSF Procurement-Soft Services,2026-02-25T19:15:28.723Z,Cash Collection,2026-03-17T20:43:52.539Z,GSF Soft Services,20,2026-03-17T20:43:52.539Z
4b6c4456-9520-4ad8-87ba-9824b5889670,https://t.corp.amazon.com/issues/V2134108157,5,V2134108157,Water Coolers - Repairs - site code:(UMA4  ),Work In Progress,mminshew,GSF Procurement-Soft Services,2026-03-09T22:35:50.319Z,Water Coolers - Repairs,2026-03-17T16:02:58.970Z,GSF Soft Services,8,2026-03-17T16:02:58.970Z
a30b85b5-0345-43df-b0bc-939268c28745,https://t.corp.amazon.com/issues/V2066692414,5,V2066692414,PIT Equipment - New Asset Purchase - Site Code (UFL6),Researching,lvishny,GSF Procurement-Soft Services,2026-01-09T16:01:15.605Z,PIT - New Asset Purchase,2026-03-18T14:17:12.653Z,GSF Soft Services,67,2026-03-18T14:17:12.653Z
4b5d62c7-949d-4293-a750-9a6d0a145595,https://t.corp.amazon.com/issues/V2144989457,2,V2144989457,UNC2 - Compactor Inoperable,Researching,79d9fdda-320f-4c18-8784-b15baf2b0335,GSF Procurement-Soft Services,2026-03-18T12:28:52.971Z,Waste/Corrugate Removal - Compactor Repair,2026-03-18T15:31:56.325Z,GSF Soft Services,0,2026-03-18T15:32:06.665Z
7d28ebc9-b9cd-4dd1-b616-c597ea8c569f,https://t.corp.amazon.com/issues/V2091381535,5,V2091381535,Janitorial Services - Service Change - Provide a brief description:( Would like to explore adding janitorial services to a new site. ) and site code:( JFK2 Auxiliary Site ),Pending,eridou,GSF Procurement-Soft Services,2026-01-29T21:39:38.954Z,Janitorial - Service Change,2026-03-13T18:50:59.252Z,GSF Soft Services,47,2026-03-14T20:05:23.770Z
481b13e3-6737-4315-9838-5b284cdfa7f4,https://t.corp.amazon.com/issues/D412630159,5,D412630159,Waste/Corrugate Removal - Vendor Escalation - Site Code (ULI2),Researching,79d9fdda-320f-4c18-8784-b15baf2b0335,GSF Procurement-Soft Services,2026-03-17T16:18:38.812Z,Waste/Corrugate Removal - Vendor Escalation,2026-03-18T14:45:07.726Z,GSF Soft Services,0,2026-03-18T14:45:07.726Z
a234eb9d-3bff-4918-98ce-70a8d2aa7e57,https://t.corp.amazon.com/issues/V2137465043,5,V2137465043,PIT Equipment - Corrective Maintenance/Repairs - Site Code (UIT4),Assigned,megsbam,GSF Procurement-Soft Services,2026-03-12T12:46:17.753Z,PIT - Corrective Maintenance/Repairs,2026-03-18T07:45:31.060Z,GSF Soft Services,6,2026-03-18T07:45:32.215Z
b0987192-183e-4ffd-92dc-534e9c9d172a,https://t.corp.amazon.com/issues/V2142341507,5,V2142341507,A tree has fallen on the fence.,Pending,79d9fdda-320f-4c18-8784-b15baf2b0335,GSF Procurement-Soft Services,2026-03-16T13:20:25.652Z,Landscaping - Other Issue,2026-03-16T17:17:05.455Z,GSF Soft Services,2,2026-03-17T13:29:42.695Z
3aa10953-6a9f-4165-b88b-124c11c5cae7,https://t.corp.amazon.com/issues/V2086914142,5,V2086914142,PIT Equipment - Corrective Maintenance/Repairs - Site Code (UUK2),Assigned,megsbam,GSF Procurement-Soft Services,2026-01-26T12:28:58.015Z,PIT - Corrective Maintenance/Repairs,2026-03-13T09:01:55.577Z,GSF Soft Services,51,2026-03-14T20:05:24.349Z
946f82ba-206c-47c7-b25f-80ce3b9c5108,https://t.corp.amazon.com/issues/V2135709438,5,V2135709438,RIVER unable to create Ticket ( Waste/Corrugate Removal - Repairs - Site Code (UWI2) ),Work In Progress,79d9fdda-320f-4c18-8784-b15baf2b0335,GSF Procurement-Soft Services,2026-03-11T04:26:28.494Z,Waste/Corrugate Removal - Compactor Repair,2026-03-16T17:10:50.885Z,GSF Soft Services,7,2026-03-16T17:10:50.885Z
8113438c-b873-448b-9c78-155d07e7bfcf,https://t.corp.amazon.com/issues/V2143678097,5,V2143678097,ALT1- Build up of cardboards  / plastic bales,Pending,79d9fdda-320f-4c18-8784-b15baf2b0335,GSF Procurement-Soft Services,2026-03-17T12:59:42.938Z,Waste/Corrugate Removal - Vendor Escalation,2026-03-17T13:16:32.227Z,GSF Soft Services,1,2026-03-17T13:16:49.330Z
959ee36f-9d90-45b0-b97f-a530fa414393,https://t.corp.amazon.com/issues/V2129536215,3,V2129536215,Waste/Corrugate Removal - Service Change - Site Code (UNY5),Pending,79d9fdda-320f-4c18-8784-b15baf2b0335,GSF Procurement-Soft Services,2026-03-05T16:59:06.936Z,Waste/Corrugate Removal - Bulk Item Removal,2026-03-17T15:52:18.203Z,GSF Soft Services,12,2026-03-17T15:52:23.526Z
277fef7e-48d0-4fef-b35c-47d5cd6ec3d4,https://t.corp.amazon.com/issues/V2131410397,5,V2131410397,[MAQ8] [Cash Collection/Management Services Request],Work In Progress,haleyoli,GSF Procurement-Soft Services,2026-03-07T06:45:36.245Z,Cash Collection,2026-03-09T20:15:42.169Z,GSF Soft Services,11,2026-03-11T15:23:49.211Z
824e899d-87d4-4589-b0fe-63e8ea1ed385,https://t.corp.amazon.com/issues/V2140027137,4,V2140027137,Crown EPJ Speed Adjustment Model # WP3035-45 Serial # 10258640 ---------UVA1,Work In Progress,79d9fdda-320f-4c18-8784-b15baf2b0335,GSF Procurement-Soft Services,2026-03-14T12:28:00.872Z,PIT - Corrective Maintenance/Repairs,2026-03-18T14:41:31.469Z,GSF Soft Services,4,2026-03-18T14:41:31.469Z
70b81419-e563-4869-8374-e8bfb1e4fa2d,https://t.corp.amazon.com/issues/V2142641069,3,V2142641069,[MAK9] [Cash Collection/Management Services Request],Assigned,haleyoli,GSF Procurement-Soft Services,2026-03-16T18:07:09.392Z,Cash Collection,2026-03-18T14:02:59.605Z,GSF Soft Services,1,2026-03-18T14:02:59.605Z
2cc2c512-64e8-49db-b722-e93428b099ed,https://t.corp.amazon.com/issues/V2065547651,5,V2065547651,Equipment Rental - New Assets - Fence Rental & Executive Restroom Trailer Rental [ULA6],Pending,lvishny,GSF Procurement-Soft Services,2026-01-08T17:47:48.593Z,Equipment Rental - New Assets,2026-03-18T14:15:51.342Z,GSF Soft Services,68,2026-03-18T14:15:51.342Z
ab322c95-68cc-42d1-a433-5d2d48fb0803,https://t.corp.amazon.com/issues/V2134122249,5,V2134122249,Waste Removal:( GOT JUNK ) and site code:( UMN1 ),Researching,79d9fdda-320f-4c18-8784-b15baf2b0335,GSF Procurement-Soft Services,2026-03-09T22:53:10.217Z,Waste/Corrugate Removal - Bulk Item Removal,2026-03-16T17:44:37.687Z,GSF Soft Services,8,2026-03-16T17:44:37.687Z
22bc82f1-e278-45a2-8ae1-f9590ca7df41,https://t.corp.amazon.com/issues/V2030877694,3,V2030877694,Janitorial Services - Vendor Escalation - please decribe your problemProvide a brief description: Cleaning all top bins in ambient UNY2,Pending,eridou,GSF Procurement-Soft Services,2025-12-09T20:42:50.152Z,Janitorial - Vendor Escalation,2026-03-17T16:14:12.789Z,GSF Soft Services,98,2026-03-17T16:14:12.789Z
ad9ba077-88bc-4a6b-bca0-3c387e7735fb,https://t.corp.amazon.com/issues/V2139014743,5,V2139014743,Equipment - Order Request : Additional Batch Cart Request ULA6,Assigned,gykalva,GSF Procurement-Soft Services,2026-03-13T15:52:57.842Z,Equipment - Order Requests,2026-03-13T15:52:57.842Z,GSF Soft Services,4,2026-03-14T20:05:31.467Z
4dfd6f94-debb-4d71-9d25-8a369b1d0730,https://t.corp.amazon.com/issues/V2121023452,5,V2121023452,Equipment - Cart Repairs: Inspect and Repair Wheels for Black Pick Carts and Batch Carts at UMN1,Researching,gykalva,GSF Procurement-Soft Services,2026-02-26T02:13:45.238Z,Equipment - Cart Repairs,2026-03-12T20:50:00.069Z,GSF Soft Services,20,2026-03-14T20:05:24.994Z
aa876599-bc92-4b45-863c-707f770fa412,https://t.corp.amazon.com/issues/V2127459450,3,V2127459450,[UTX7] Open Top Container,Pending,79d9fdda-320f-4c18-8784-b15baf2b0335,GSF Procurement-Soft Services,2026-03-03T23:08:24.192Z,Waste/Corrugate Removal - Extra Equipment,2026-03-17T15:53:38.901Z,GSF Soft Services,14,2026-03-17T15:53:38.901Z
14d9cd68-8104-4521-b673-a6feabfd6773,https://t.corp.amazon.com/issues/V2118968516,3,V2118968516,Janitorial Services - Vendor Escalation - please decribe your problemProvide a brief description:( WIC not cleaned ) and site code:( UIT7 ),Work In Progress,shkhatib,GSF Procurement-Soft Services,2026-02-24T09:47:13.338Z,Janitorial - Vendor Escalation,2026-03-13T19:05:57.232Z,GSF Soft Services,22,2026-03-13T19:05:57.232Z
95c4e592-ccf4-4f95-9801-97d29e8e9ab9,https://t.corp.amazon.com/issues/V2104301338,5,V2104301338,UNY2 - Zebra TC57 Battery Support,Assigned,gykalva,GSF Procurement-Soft Services,2026-02-10T16:25:31.644Z,Equipment - Order Requests,2026-03-12T15:52:12.600Z,GSF Soft Services,35,2026-03-14T20:05:24.515Z
2c5eba69-77e1-4f4f-9acd-d8b989351055,https://t.corp.amazon.com/issues/V2092212223,5,V2092212223,GFC  USF4 -***PM Owned @eridou***  Pick Carts - NBD: 11/14,Researching,gykalva,GSF Procurement-Soft Services,2026-01-30T14:13:12.190Z,Equipment - Order Requests,2026-03-17T17:31:28.015Z,GSF Soft Services,47,2026-03-17T17:31:28.015Z
04daccc6-1850-4cf4-bbf4-1d3592578d03,https://t.corp.amazon.com/issues/P390559768,5,P390559768,[MAQ8] [Cooking Oil Container Disposal Request],Work In Progress,hosogise,GSF Procurement-Soft Services,2026-02-27T21:59:50.196Z,Cooking Oil,2026-03-17T16:07:26.683Z,GSF Soft Services,18,2026-03-17T16:07:26.683Z
03f782b0-f3a5-4f02-a9e9-00c8d0bf5f1d,https://t.corp.amazon.com/issues/D413148608,5,D413148608,[ULO6] Metal Skip Collection Required,Work In Progress,79d9fdda-320f-4c18-8784-b15baf2b0335,GSF Procurement-Soft Services,2026-03-18T07:46:31.360Z,Waste/Corrugate Removal - Vendor Escalation,2026-03-18T12:58:25.215Z,GSF Soft Services,0,2026-03-18T12:58:45.700Z
7d400cff-4901-44e7-8eae-2d29834d8647,https://t.corp.amazon.com/issues/V2133523458,3,V2133523458,Waste/Corrugate Removal - Repairs - Site Code (UTX7) ),Pending,79d9fdda-320f-4c18-8784-b15baf2b0335,GSF Procurement-Soft Services,2026-03-09T11:56:56.294Z,Waste/Corrugate Removal - Compactor Repair,2026-03-18T15:00:13.733Z,GSF Soft Services,9,2026-03-18T15:00:25.824Z
1af21a11-1908-419d-90a8-ca5e062ff50e,https://t.corp.amazon.com/issues/D405963319,3,D405963319,Janitorial - Vendor Escalation (TCFM) ULI2,Work In Progress,shkhatib,GSF Procurement-Soft Services,2026-03-09T13:40:09.857Z,Janitorial - Vendor Escalation,2026-03-16T17:01:08.893Z,GSF Soft Services,9,2026-03-16T17:01:08.893Z
a6d63617-0329-4b20-939e-1cd271b1b9df,https://t.corp.amazon.com/issues/V2142773526,3,V2142773526,Waste/Corrugate Removal - Open Top Request - Site Code (UAZ1),Work In Progress,79d9fdda-320f-4c18-8784-b15baf2b0335,GSF Procurement-Soft Services,2026-03-16T20:05:33.891Z,Waste/Corrugate Removal - Bulk Item Removal,2026-03-18T13:56:20.592Z,GSF Soft Services,1,2026-03-18T13:56:20.592Z
8c5b17ba-4626-4434-a317-7a501675de9d,https://t.corp.amazon.com/issues/V2056038094,3,V2056038094,Janitorial Services - 5S Scraping - UPA1,Pending,eridou,GSF Procurement-Soft Services,2025-12-30T22:45:07.940Z,Janitorial - 5S Scraping,2026-03-18T12:35:26.964Z,GSF Soft Services,77,2026-03-18T12:35:26.964Z
31f78ad7-62e7-4d24-9f42-15af25b4c8c8,https://t.corp.amazon.com/issues/D408904968,3,D408904968,ULO5: Blast Freezer,Work In Progress,shkhatib,GSF Procurement-Soft Services,2026-03-13T07:45:11.946Z,Janitorial - Other Issue,2026-03-16T17:37:33.819Z,GSF Soft Services,5,2026-03-16T17:46:17.750Z
6b047a31-db41-4ab8-9bd8-36f252e6c58e,https://t.corp.amazon.com/issues/D407447175,3,D407447175,Food Safety (Swabs) - Order Request - Legionella reactives - USV1,Assigned,dlumb,GSF Procurement-Soft Services,2026-03-11T16:04:58.624Z,Food Safety (Swabs) - Order Request,2026-03-18T14:08:44.522Z,GSF Soft Services,6,2026-03-18T14:08:44.522Z
98e007e3-5a2a-42c9-a1e0-3e6a202b28a5,https://t.corp.amazon.com/issues/V2137857602,3,V2137857602,Landscaping - Vendor Escalation - Provide a brief description: Debris/Trash on Exterior of Warehouse ULA6,Researching,79d9fdda-320f-4c18-8784-b15baf2b0335,GSF Procurement-Soft Services,2026-03-12T19:07:14.372Z,Landscaping - Vendor Escalation,2026-03-18T14:32:09.126Z,GSF Soft Services,5,2026-03-18T14:32:09.126Z
aebba38e-6db9-4405-9173-4c6296b0df15,https://t.corp.amazon.com/issues/P396348214,5,P396348214,UWA1-Building-wide waste and recycling removal,Pending,79d9fdda-320f-4c18-8784-b15baf2b0335,GSF Procurement-Soft Services,2026-03-10T16:29:28.703Z,Waste/Corrugate Removal - Vendor Escalation,2026-03-17T19:46:05.766Z,GSF Soft Services,7,2026-03-17T19:46:18.691Z
ad7b7f03-ef3b-4f3d-aa06-7ff589eba543,https://t.corp.amazon.com/issues/V2121871488,5,V2121871488,Waste/Corrugate Removal - Service Change - Site Code (UTX9),Work In Progress,79d9fdda-320f-4c18-8784-b15baf2b0335,GSF Procurement-Soft Services,2026-02-26T19:38:24.705Z,Waste/Corrugate Removal - Bulk Item Removal,2026-03-16T19:09:45.905Z,GSF Soft Services,19,2026-03-16T19:09:54.634Z
78414865-c615-4b76-9884-5bad07b4e2d0,https://t.corp.amazon.com/issues/V2133631417,5,V2133631417,Weevils in pasta,Pending,79d9fdda-320f-4c18-8784-b15baf2b0335,GSF Procurement-Soft Services,2026-03-09T14:11:32.053Z,Pest Control - Insect,2026-03-17T18:57:36.823Z,GSF Soft Services,9,2026-03-17T18:58:24.279Z
0c9caf0a-ca2f-4ee8-8911-2eee5bed80b9,https://t.corp.amazon.com/issues/V2136226753,5,V2136226753,Janitorial Services - Service Change - Provide a brief description:( Increased KBS hours ) and site code:( UTX7 ),Work In Progress,eridou,GSF Procurement-Soft Services,2026-03-11T14:24:33.966Z,Janitorial - Service Change,2026-03-16T19:02:10.110Z,GSF Soft Services,7,2026-03-16T19:02:10.110Z
b30b72db-b991-4516-a9dd-e5d0b41971e2,https://t.corp.amazon.com/issues/V2127133890,5,V2127133890,Equipment - Order Request : Bulk Scanner Request for Fusion,Assigned,gykalva,GSF Procurement-Soft Services,2026-03-03T17:29:54.331Z,Equipment - Order Requests,2026-03-15T18:38:01.028Z,GSF Soft Services,14,2026-03-15T18:38:01.028Z
3b14ade6-0359-48b9-9662-16a121d95013,https://t.corp.amazon.com/issues/P397174967,5,P397174967,UWA1: Cardboard Compactor Meter has Small Leak,Pending,79d9fdda-320f-4c18-8784-b15baf2b0335,GSF Procurement-Soft Services,2026-03-12T03:38:51.541Z,Waste/Corrugate Removal - Compactor Repair,2026-03-17T16:10:28.935Z,GSF Soft Services,6,2026-03-18T15:20:29.670Z
7eb7c4e7-df91-4066-b397-af0bc6123eb1,https://t.corp.amazon.com/issues/V2136832824,5,V2136832824,[UTX3] Wall grime removal,Researching,eridou,GSF Procurement-Soft Services,2026-03-12T00:39:37.845Z,Janitorial - Out of Scope Service Request,2026-03-16T17:41:02.629Z,GSF Soft Services,6,2026-03-17T15:06:43.595Z
46cfdb27-b294-4040-aa4d-8b299f8d9bfd,https://t.corp.amazon.com/issues/V2095456165,3,V2095456165,AFO - Sourcing Request - Site Code: USD1 - Item Needed: Pick Carts - Need by Date: 2/10/26,Assigned,gykalva,GSF Procurement-Soft Services,2026-02-02T16:47:13.525Z,Equipment - Order Requests,2026-03-13T14:46:51.380Z,GSF Soft Services,43,2026-03-14T20:05:23.568Z
4b7b9b60-66c6-409c-8ca2-532e30ddecc7,https://t.corp.amazon.com/issues/V2128128683,5,V2128128683,Janitorial Services - JFK2 Freezer Floor Deep Clean,Researching,eridou,GSF Procurement-Soft Services,2026-03-04T13:13:31.892Z,Janitorial - PO/Invoice Issue,2026-03-12T22:15:17.246Z,GSF Soft Services,14,2026-03-14T20:05:25.401Z
a4822dca-fefa-4ec5-91ba-b914d0bfbfaa,https://t.corp.amazon.com/issues/V2130847296,5,V2130847296,"Equipment - Cart Repairs: Batching Carts, Site code: UWA6",Pending,gykalva,GSF Procurement-Soft Services,2026-03-06T19:00:18.584Z,Equipment - Cart Repairs,2026-03-17T15:58:19.432Z,GSF Soft Services,11,2026-03-17T15:58:19.432Z
429d9f2d-e990-4604-8f0f-fe4cad10dd08,https://t.corp.amazon.com/issues/V2133894033,5,V2133894033,Equipment - Order Request : Batching carts: Site code: UCO1,Assigned,gykalva,GSF Procurement-Soft Services,2026-03-09T18:49:38.315Z,Equipment - Order Requests,2026-03-16T17:18:01.081Z,GSF Soft Services,8,2026-03-16T17:18:01.081Z
5a2f200f-d4f5-43cb-95f9-41ea4d629e65,https://t.corp.amazon.com/issues/V2133864639,3,V2133864639,Waste/Corrugate Removal - Service Change - Site Code (UNV3),Pending,79d9fdda-320f-4c18-8784-b15baf2b0335,GSF Procurement-Soft Services,2026-03-09T18:22:57.695Z,Waste/Corrugate Removal - Bulk Item Removal,2026-03-17T14:53:37.510Z,GSF Soft Services,8,2026-03-17T14:53:37.510Z
99a7e34c-f9fc-4456-b579-79afd36db360,https://t.corp.amazon.com/issues/V2139396415,3,V2139396415,Janitorial Services - Vendor Escalation - please decribe your problemProvide a brief description: Site Cleanliness continues to have gaps [USD1],Researching,eridou,GSF Procurement-Soft Services,2026-03-13T22:31:47.911Z,Janitorial - Vendor Escalation,2026-03-16T17:48:31.457Z,GSF Soft Services,4,2026-03-16T22:47:13.482Z
86550a1f-70df-4170-bc16-8b6f8958e2ba,https://t.corp.amazon.com/issues/V2130777970,4,V2130777970,AFO - Sourcing Request - Site Code: UMN1 - Item Needed: Shuttle Service - Need by Date: As soon as possible,Researching,53792899-79aa-43af-8cc4-86656289b27f,GSF Procurement-Soft Services,2026-03-06T17:51:40.441Z,Shuttle Service - Service Request,2026-03-17T19:30:14.383Z,GSF Soft Services,11,2026-03-17T19:30:25.035Z
9bfe61ec-2167-454d-89a3-54e7717df3c2,https://t.corp.amazon.com/issues/V2140087546,2,V2140087546,UNY2 compactor down,Pending,79d9fdda-320f-4c18-8784-b15baf2b0335,GSF Procurement-Soft Services,2026-03-14T13:47:00.348Z,Waste/Corrugate Removal - Vendor Escalation,2026-03-18T13:33:12.082Z,GSF Soft Services,4,2026-03-18T13:33:24.338Z
2f2eea0a-92ac-4156-951d-6cb8abc0107b,https://t.corp.amazon.com/issues/P398907312,2,P398907312,USF2 Need maintenance on two EPJs,Pending,79d9fdda-320f-4c18-8784-b15baf2b0335,GSF Procurement-Soft Services,2026-03-15T14:37:32.823Z,PIT - Corrective Maintenance/Repairs,2026-03-18T13:33:43.270Z,GSF Soft Services,3,2026-03-18T13:33:43.270Z
319b8601-6c72-411e-b9f6-9c934a8b3991,https://t.corp.amazon.com/issues/V2135049391,3,V2135049391,UMD1 janotiral hours for deep clean,Work In Progress,eridou,GSF Procurement-Soft Services,2026-03-10T18:12:44.928Z,Janitorial - Service Change,2026-03-17T16:16:47.356Z,GSF Soft Services,7,2026-03-17T16:16:47.356Z
13e357dc-f76e-44ce-97f7-c55fa7b3db5a,https://t.corp.amazon.com/issues/V2136423907,4,V2136423907,[UTN1] Cardboard Compactor E-Stop Broken,Researching,79d9fdda-320f-4c18-8784-b15baf2b0335,GSF Procurement-Soft Services,2026-03-11T17:46:56.514Z,Waste/Corrugate Removal - Compactor Repair,2026-03-18T14:38:30.794Z,GSF Soft Services,6,2026-03-18T14:38:33.315Z
a6dc0454-59d9-4dc6-a492-bcb8c0c7ebc0,https://t.corp.amazon.com/issues/V2095455834,5,V2095455834,AFO - Sourcing Request - Site Code: UCA5 - Item Needed: Pick Carts - Need by Date: 2/10/26,Assigned,gykalva,GSF Procurement-Soft Services,2026-02-02T16:46:48.867Z,Equipment - Order Requests,2026-03-09T23:39:14.730Z,GSF Soft Services,43,2026-03-14T20:05:25.580Z
a7af87d9-751b-4947-8d04-a10e61420591,https://t.corp.amazon.com/issues/V2137687627,3,V2137687627,Breakroom Supplies and Services - New Asset - Initiate Coffee Vending Service [USD1],Assigned,mminshew,GSF Procurement-Soft Services,2026-03-12T16:45:47.015Z,Breakroom Services - New Asset,2026-03-16T16:12:17.767Z,GSF Soft Services,5,2026-03-16T16:12:17.767Z
3efcf275-777b-47ed-a55d-a2fc137a885a,https://t.corp.amazon.com/issues/V2122034327,5,V2122034327,Power wash stairs---- UNY5 - Deep clean,Pending,eridou,GSF Procurement-Soft Services,2026-02-26T22:46:05.205Z,Janitorial - Other Issue,2026-03-16T23:09:24.535Z,GSF Soft Services,19,2026-03-16T23:09:24.535Z
0341b92a-5bad-4590-9453-7441a8cc114b,https://t.corp.amazon.com/issues/V2136379670,5,V2136379670,PIT Equipment - Corrective Maintenance/Repairs - Site Code (UWI2),Work In Progress,lvishny,GSF Procurement-Soft Services,2026-03-11T17:02:19.543Z,PIT - Corrective Maintenance/Repairs,2026-03-17T15:33:19.973Z,GSF Soft Services,6,2026-03-17T15:33:19.973Z
12d0c67e-9028-4240-bd24-c36a39a47916,https://t.corp.amazon.com/issues/V2142182866,2,V2142182866,Waste/Corrugate Removal - Vendor Escalation - Site Code (UIL2),Work In Progress,79d9fdda-320f-4c18-8784-b15baf2b0335,GSF Procurement-Soft Services,2026-03-16T10:32:40.413Z,Waste/Corrugate Removal - Vendor Escalation,2026-03-18T15:31:01.741Z,GSF Soft Services,2,2026-03-18T15:31:01.741Z
78034a35-4f10-40c6-97eb-ca1f00025c76,https://t.corp.amazon.com/issues/V2136834933,5,V2136834933,[UTX3]: open top,Pending,79d9fdda-320f-4c18-8784-b15baf2b0335,GSF Procurement-Soft Services,2026-03-12T00:41:38.150Z,Waste/Corrugate Removal - Vendor Escalation,2026-03-18T15:24:55.525Z,GSF Soft Services,6,2026-03-18T15:24:55.525Z
5cf581a6-2186-4236-8934-071e888b9938,https://t.corp.amazon.com/issues/V2134209678,3,V2134209678,Janitorial Services - Service Change - UVA1 - Additional HC Needed to Service Building,Work In Progress,eridou,GSF Procurement-Soft Services,2026-03-10T00:42:46.503Z,Janitorial - Service Change,2026-03-18T15:01:03.512Z,GSF Soft Services,8,2026-03-18T15:01:03.512Z
965c2ad2-c209-4b66-beb9-89f0bd0e145a,https://t.corp.amazon.com/issues/V2142711431,3,V2142711431,Equipment - Order Request : Short Description( batch carts needed ) Site code:(  UGA2 ),Work In Progress,gykalva,GSF Procurement-Soft Services,2026-03-16T19:06:41.061Z,Equipment - Order Requests,2026-03-18T13:58:52.729Z,GSF Soft Services,1,2026-03-18T13:59:27.761Z
3412b066-d63d-4e27-a3fd-45f7f683828d,https://t.corp.amazon.com/issues/V2084239409,5,V2084239409,SAZ2 Need 7 Midea Microwaves (photo attached),Assigned,aluzier,GSF Procurement-Soft Services,2026-01-24T01:07:04.702Z,Breakroom Services - Equipment Services,2026-03-16T22:49:52.162Z,GSF Soft Services,53,2026-03-16T22:49:52.162Z
4182537a-646a-4aaf-b180-75bbeeed11da,https://t.corp.amazon.com/issues/V2138923562,3,V2138923562,[mak9] [Cash Collection/Management Services Request],Assigned,haleyoli,GSF Procurement-Soft Services,2026-03-13T14:15:56.111Z,Cash Collection,2026-03-13T17:44:19.577Z,GSF Soft Services,5,2026-03-14T20:05:30.240Z
a323ca38-015f-4080-afcd-3266a7ee37fe,https://t.corp.amazon.com/issues/V2143803308,4,V2143803308,Breakroom Supplies and Services - Equipment Services - Water dispenser substitution UIT1,Pending,79d9fdda-320f-4c18-8784-b15baf2b0335,GSF Procurement-Soft Services,2026-03-17T15:09:40.327Z,Breakroom Services - Equipment Services,2026-03-17T15:57:34.517Z,GSF Soft Services,1,2026-03-17T15:57:53.564Z
3e70df63-8912-4641-adb7-23bb276fbe1b,https://t.corp.amazon.com/issues/V2142821049,3,V2142821049,Janitorial Services - Cleaning Supplies Needed - Provide a brief description:( equipment needed ) and site code:( UGA2),Researching,eridou,GSF Procurement-Soft Services,2026-03-16T20:50:43.422Z,Janitorial - Cleaning Supplies Needed,2026-03-16T22:59:56.635Z,GSF Soft Services,1,2026-03-17T20:57:43.404Z
78eb1022-eefe-4d7d-8ec9-37412a9d8d50,https://t.corp.amazon.com/issues/V2138968221,4,V2138968221,Janitorial Services - Cleaning Supplies Needed - Deep WIC cleaning UIT1,Work In Progress,shkhatib,GSF Procurement-Soft Services,2026-03-13T15:05:28.893Z,Janitorial - Cleaning Supplies Needed,2026-03-17T17:38:40.148Z,GSF Soft Services,5,2026-03-17T17:38:40.148Z
8fa0db1e-6ef5-484f-9ff3-24346659f52e,https://t.corp.amazon.com/issues/V2142793690,4,V2142793690,Waste/Corrugate Removal - Vendor Escalation - Site Code (UAZ1),Pending,79d9fdda-320f-4c18-8784-b15baf2b0335,GSF Procurement-Soft Services,2026-03-16T20:24:05.159Z,Waste/Corrugate Removal - Vendor Escalation,2026-03-17T20:06:48.987Z,GSF Soft Services,1,2026-03-17T20:07:03.007Z
78ab4cc8-d2b6-45a0-ba1f-84c542308ec1,https://t.corp.amazon.com/issues/V2143775934,5,V2143775934,AFO - Sourcing Request - Site Code: USV1 - Item Needed: Login por a vendor - Need by Date: 3/20/2026,Assigned,dlumb,GSF Procurement-Soft Services,2026-03-17T14:43:04.053Z,Vendor Issue,2026-03-18T12:59:38.773Z,GSF Soft Services,1,2026-03-18T14:50:53.691Z
424f5bd5-6f74-469a-a535-662db06d1eb1,https://t.corp.amazon.com/issues/V2026374945,4,V2026374945,Equipment - Cart Repairs: Short Description(Batch Carts + Pick Carts need maintinence - some are inoperable) Site code:(UWA1),Work In Progress,gykalva,GSF Procurement-Soft Services,2025-12-06T03:34:09.342Z,Equipment - Cart Repairs,2026-03-17T16:57:05.290Z,GSF Soft Services,102,2026-03-17T16:57:05.290Z
acf5ba9d-0cbb-43a9-b999-b9def0cbb408,https://t.corp.amazon.com/issues/V2069893286,5,V2069893286,Landscaping - Vendor Escalation - Provide a brief description:( Vegetation removal request ) and site code:( ALT1 ),Work In Progress,dlumb,GSF Procurement-Soft Services,2026-01-12T13:49:17.143Z,Landscaping - Vendor Escalation,2026-03-12T12:20:27.292Z,GSF Soft Services,65,2026-03-12T12:20:27.292Z
aa626339-4d6d-4832-a1a7-8a6fc2e2e979,https://t.corp.amazon.com/issues/V2136227669,3,V2136227669,Janitorial Services - Vendor Escalation - UGA2 - under shelves sweeping,Work In Progress,eridou,GSF Procurement-Soft Services,2026-03-11T14:25:37.389Z,Janitorial - Vendor Escalation,2026-03-17T22:34:13.604Z,GSF Soft Services,7,2026-03-17T22:34:13.604Z
49129796-e1d0-4108-8b34-43eb8b34752a,https://t.corp.amazon.com/issues/V2122038182,5,V2122038182,RIVER unable to create Ticket ( Waste/Corrugate Removal - Repairs - Site Code (UVA5) ),Pending,79d9fdda-320f-4c18-8784-b15baf2b0335,GSF Procurement-Soft Services,2026-02-26T22:50:43.627Z,Waste/Corrugate Removal - Compactor Repair,2026-03-17T17:50:11.287Z,GSF Soft Services,19,2026-03-17T17:50:11.287Z
8afffdb1-ad11-417e-a202-82d2a348ffb8,https://t.corp.amazon.com/issues/P396509966,3,P396509966,USF2 - GotJunk request to take junk items.,Pending,79d9fdda-320f-4c18-8784-b15baf2b0335,GSF Procurement-Soft Services,2026-03-10T22:38:50.995Z,Waste/Corrugate Removal - Bulk Item Removal,2026-03-17T15:43:02.629Z,GSF Soft Services,7,2026-03-17T15:43:02.629Z
270e9f38-3663-4913-b754-ccf25e7dff07,https://t.corp.amazon.com/issues/V2139469631,5,V2139469631,Janitorial Services - Service Change - UNJ2 Labor hours review,Work In Progress,eridou,GSF Procurement-Soft Services,2026-03-13T23:59:05.919Z,Janitorial - Service Change,2026-03-16T23:16:27.169Z,GSF Soft Services,4,2026-03-16T23:16:27.169Z
809f5697-1380-474d-af69-83e09a6c6bad,https://t.corp.amazon.com/issues/V2140483285,3,V2140483285,[MAB8] [Cash Collection/Management Services Request],Assigned,haleyoli,GSF Procurement-Soft Services,2026-03-14T22:09:01.263Z,Cash Collection,2026-03-18T01:52:13.439Z,GSF Soft Services,3,2026-03-18T01:52:13.439Z
0f5b21ea-028d-486f-a22b-f7d698baa3ad,https://t.corp.amazon.com/issues/V2123959933,5,V2123959933,[MAF5] [Janitorial Services Request],Work In Progress,eridou,GSF Procurement-Soft Services,2026-02-28T18:20:23.369Z,Janitorial - Vendor Escalation,2026-03-16T19:15:16.098Z,GSF Soft Services,17,2026-03-16T19:15:16.098Z
0b18df5f-7a9d-4c87-98ee-ae7fd0d14853,https://t.corp.amazon.com/issues/V2144954308,5,V2144954308,PIT Equipment - Corrective Maintenance/Repairs - Site Code (UNJ2),Work In Progress,79d9fdda-320f-4c18-8784-b15baf2b0335,GSF Procurement-Soft Services,2026-03-18T11:46:22.469Z,PIT - Corrective Maintenance/Repairs,2026-03-18T12:50:35.532Z,GSF Soft Services,0,2026-03-18T12:50:40.085Z
c0f3eee8-86c2-485f-90f3-d6f790fdb250,https://t.corp.amazon.com/issues/V2070590868,4,V2070590868,Equipment - Cart Repairs: ULA6 55 Flash carts center wheels need repair,Work In Progress,gykalva,GSF Procurement-Soft Services,2026-01-12T23:34:02.226Z,Equipment - Cart Repairs,2026-03-17T17:04:04.313Z,GSF Soft Services,64,2026-03-17T17:04:04.313Z
dc2ef2b4-f40b-49fe-a11e-22049d1e9333,https://t.corp.amazon.com/issues/P399260133,5,P399260133,Corrugate  Trash pick up,Pending,79d9fdda-320f-4c18-8784-b15baf2b0335,GSF Procurement-Soft Services,2026-03-16T09:31:04.920Z,Waste/Corrugate Removal - Vendor Escalation,2026-03-17T17:20:37.234Z,GSF Soft Services,2,2026-03-17T17:20:37.234Z
f8511514-fd02-4e6b-b581-4d7c91a1431d,https://t.corp.amazon.com/issues/V2136431149,3,V2136431149,Water Coolers - Repairs - site code:(USF2  ),Work In Progress,79d9fdda-320f-4c18-8784-b15baf2b0335,GSF Procurement-Soft Services,2026-03-11T17:54:46.290Z,Water Coolers - Repairs,2026-03-18T14:59:15.148Z,GSF Soft Services,6,2026-03-18T14:59:15.148Z
f4bb486e-9af6-4ace-946e-1d9d26d2c173,https://t.corp.amazon.com/issues/V2130797049,3,V2130797049,[maf8] [Cash Collection/Management Services Request],Work In Progress,haleyoli,GSF Procurement-Soft Services,2026-03-06T18:10:50.796Z,Cash Collection,2026-03-16T17:17:02.043Z,GSF Soft Services,11,2026-03-16T17:17:02.043Z
f7e4a2a1-6ec0-460a-bbb7-37e72f5b0376,https://t.corp.amazon.com/issues/V2106903169,5,V2106903169,UNJ2 has 30 batch carts broken on site,Researching,gykalva,GSF Procurement-Soft Services,2026-02-12T22:49:02.527Z,Equipment - Cart Repairs,2026-03-09T14:02:47.609Z,GSF Soft Services,33,2026-03-14T20:05:25.220Z
fedcf754-dd17-475b-8cde-811b3cbd7861,https://t.corp.amazon.com/issues/V2141508088,5,V2141508088,DCA2 Wasp Nest On Handle of Gate Door,Work In Progress,79d9fdda-320f-4c18-8784-b15baf2b0335,GSF Procurement-Soft Services,2026-03-15T21:20:18.422Z,Pest Control - Equipment Request,2026-03-17T14:28:06.914Z,GSF Soft Services,2,2026-03-17T14:28:06.914Z
ea59fbdb-c8a6-4c08-b9e8-3f888142f141,https://t.corp.amazon.com/issues/D408302791,5,D408302791,Deep Cleaning Service Request,Work In Progress,shkhatib,GSF Procurement-Soft Services,2026-03-12T15:46:07.136Z,Janitorial - Other Issue,2026-03-17T15:15:08.672Z,GSF Soft Services,5,2026-03-17T16:13:22.448Z
dfff7933-0f60-4986-94f0-4804b86ab219,https://t.corp.amazon.com/issues/V2133487680,3,V2133487680,[UMD1] [PIT Maintenance Request],Work In Progress,79d9fdda-320f-4c18-8784-b15baf2b0335,GSF Procurement-Soft Services,2026-03-09T11:09:08.052Z,PIT - Corrective Maintenance/Repairs,2026-03-18T14:31:23.146Z,GSF Soft Services,9,2026-03-18T14:31:23.146Z
d931a768-7c91-4b62-9e40-50f92cb267ba,https://t.corp.amazon.com/issues/V2128355298,5,V2128355298,Janitorial Services - Service Change - Provide a brief description: Service Masters needs help with staffing at UTX8,Pending,eridou,GSF Procurement-Soft Services,2026-03-04T17:27:19.297Z,Janitorial - Service Change,2026-03-13T20:21:53.832Z,GSF Soft Services,13,2026-03-14T20:05:28.966Z
ee0ac735-3b5b-4f72-b5b5-005405be2f4d,https://t.corp.amazon.com/issues/V2134441266,3,V2134441266,corrugate comapctor needs removal,Pending,79d9fdda-320f-4c18-8784-b15baf2b0335,GSF Procurement-Soft Services,2026-03-10T05:41:34.129Z,Waste/Corrugate Removal - Bulk Item Removal,2026-03-18T15:00:44.384Z,GSF Soft Services,8,2026-03-18T15:00:44.384Z
df3e3a12-0437-4ee1-8a92-3bf287a74675,https://t.corp.amazon.com/issues/V2139447651,5,V2139447651,[MAB9] [Cash Collection/Management Services Request],Work In Progress,haleyoli,GSF Procurement-Soft Services,2026-03-13T23:31:58.045Z,Cash Collection,2026-03-14T04:37:07.677Z,GSF Soft Services,4,2026-03-17T20:42:38.995Z
b4853674-293d-49a4-802e-5d7d4478b7c5,https://t.corp.amazon.com/issues/V2128547776,5,V2128547776,Janitorial Services - Cleaning Supplies Needed - Provide a brief description:SUPPLIES NEEDED  and site code:(UNC2  ),Pending,eridou,GSF Procurement-Soft Services,2026-03-04T20:37:22.399Z,Janitorial - Cleaning Supplies Needed,2026-03-16T23:32:26.806Z,GSF Soft Services,13,2026-03-16T23:32:35.445Z
f4cf00cf-7adc-4641-bb14-c2c8e3dced78,https://t.corp.amazon.com/issues/P374232292,5,P374232292,UCA5 - Pick Cart Repairs - 10 Carts Center Wheels - 10-15 carts corner wheels,Work In Progress,gykalva,GSF Procurement-Soft Services,2026-01-26T18:02:15.169Z,Equipment - Cart Repairs,2026-03-17T17:17:54.350Z,GSF Soft Services,50,2026-03-17T17:17:54.350Z
d2c896f5-fa78-4f61-8e04-c8bbea21ea65,https://t.corp.amazon.com/issues/V2088629819,5,V2088629819,Equipment - Order Request: Pegasus Carts for C2C Bigs Program,Assigned,gykalva,GSF Procurement-Soft Services,2026-01-27T20:02:16.326Z,Equipment - Order Requests,2026-03-17T17:27:50.713Z,GSF Soft Services,49,2026-03-17T17:27:50.713Z
dc7bce2a-4deb-4607-924f-e581ca1fb414,https://t.corp.amazon.com/issues/V2131985327,3,V2131985327,UVA1- EPJ Serial # 821-16-14970 Error Code E250,Pending,lvishny,GSF Procurement-Soft Services,2026-03-07T21:07:50.733Z,PIT - Corrective Maintenance/Repairs,2026-03-17T21:07:48.288Z,GSF Soft Services,10,2026-03-17T21:07:48.288Z
dd194d3b-c780-43e2-ad51-8be47ca4f52f,https://t.corp.amazon.com/issues/V2114702692,3,V2114702692,PIT Equipment - Corrective Maintenance/Repairs - Site Code (UTX9),Pending,79d9fdda-320f-4c18-8784-b15baf2b0335,GSF Procurement-Soft Services,2026-02-20T07:55:23.850Z,PIT - Corrective Maintenance/Repairs,2026-03-18T15:14:17.183Z,GSF Soft Services,26,2026-03-18T15:14:17.183Z
f7e9537e-410d-421b-8335-a043212b454f,https://t.corp.amazon.com/issues/V2137697733,5,V2137697733,Janitorial Services - 5S Scraping - Provide a brief description:( Entire building 5S scrapping ) and site code:(  JFK2),Researching,eridou,GSF Procurement-Soft Services,2026-03-12T16:55:58.552Z,Janitorial - 5S Scraping,2026-03-17T14:54:38.223Z,GSF Soft Services,5,2026-03-17T14:54:38.223Z
bfa5d425-eec4-4aec-b816-7bf57d1d95dc,https://t.corp.amazon.com/issues/V2120703689,5,V2120703689,Rent an Open Top Container,Pending,79d9fdda-320f-4c18-8784-b15baf2b0335,GSF Procurement-Soft Services,2026-02-25T20:02:51.313Z,Waste/Corrugate Removal - Vendor Escalation,2026-03-18T12:51:16.223Z,GSF Soft Services,20,2026-03-18T12:51:16.223Z
d2f5cefa-705a-4bad-b25c-d9af7e5a2a94,https://t.corp.amazon.com/issues/V2139422124,3,V2139422124,Janitorial Services - Vendor Escalation - KBS Cleaning Gaps [ULA6],Researching,eridou,GSF Procurement-Soft Services,2026-03-13T23:02:05.660Z,Janitorial - Vendor Escalation,2026-03-16T17:48:15.797Z,GSF Soft Services,4,2026-03-16T17:48:17.343Z
c601efb1-eb95-4173-8be1-7dbd84eed561,https://t.corp.amazon.com/issues/V2131249899,5,V2131249899,RIVER unable to create Ticket ( Waste/Corrugate Removal - Repairs - Site Code (UMN1) ),Work In Progress,79d9fdda-320f-4c18-8784-b15baf2b0335,GSF Procurement-Soft Services,2026-03-07T02:53:53.683Z,Waste/Corrugate Removal - Compactor Repair,2026-03-17T15:57:17.969Z,GSF Soft Services,11,2026-03-17T15:57:29.049Z
eaf28177-23e8-47ea-ac90-4bfbda2ea399,https://t.corp.amazon.com/issues/V2140251073,4,V2140251073,Janitorial Services - Vendor Escalation - please decribe your problemProvide a brief description:(Bay 10 to be cleaned) and site code:( UTR1 ),Work In Progress,shkhatib,GSF Procurement-Soft Services,2026-03-14T17:16:15.575Z,Janitorial - Vendor Escalation,2026-03-17T16:23:26.931Z,GSF Soft Services,3,2026-03-17T17:28:09.338Z
dbae48ca-2231-4b7e-a435-347ccf5aa6be,https://t.corp.amazon.com/issues/V2138334926,3,V2138334926,"Equipment - Order Request : Short Description, 25 Zebra TC56/57 Scanners, Site code: [USD1]",Assigned,gykalva,GSF Procurement-Soft Services,2026-03-13T03:07:25.504Z,Equipment - Order Requests,2026-03-13T13:53:54.488Z,GSF Soft Services,5,2026-03-14T20:05:28.083Z
c9230159-4536-41a4-81af-5a3e818e7fca,https://t.corp.amazon.com/issues/P393282133,5,P393282133,USF2 - GotJunk request to take non-inventory items.,Pending,79d9fdda-320f-4c18-8784-b15baf2b0335,GSF Procurement-Soft Services,2026-03-05T00:42:12.954Z,Waste/Corrugate Removal - Bulk Item Removal,2026-03-17T15:56:29.639Z,GSF Soft Services,13,2026-03-17T15:56:29.639Z
cb7a6fcf-4c57-45bb-9c66-4273b6b6d938,https://t.corp.amazon.com/issues/V2142900539,5,V2142900539,(UNY4) EPJ #3 need to be repaired,Work In Progress,79d9fdda-320f-4c18-8784-b15baf2b0335,GSF Procurement-Soft Services,2026-03-16T22:12:35.687Z,PIT - Corrective Maintenance/Repairs,2026-03-16T22:26:23.057Z,GSF Soft Services,1,2026-03-16T22:26:55.894Z
f177746d-fa10-4b88-ba03-09c17d2acace,https://t.corp.amazon.com/issues/V2095455424,5,V2095455424,AFO - Sourcing Request - Site Code: ULA6 - Item Needed: Pick Carts - Need by Date: 2/10/26,Work In Progress,gykalva,GSF Procurement-Soft Services,2026-02-02T16:46:22.321Z,Equipment - Order Requests,2026-03-09T23:30:07.133Z,GSF Soft Services,43,2026-03-09T23:30:07.133Z
d9ed4ca3-b4b6-4a1b-b4af-13e294b945b5,https://t.corp.amazon.com/issues/D409080517,5,D409080517,ES site cleaness low standard,Work In Progress,shkhatib,GSF Procurement-Soft Services,2026-03-13T12:13:52.746Z,Janitorial - Vendor Escalation,2026-03-16T17:45:52.858Z,GSF Soft Services,5,2026-03-16T17:45:52.858Z
f1cbb330-021a-4b8c-868c-b2efa716d6a3,https://t.corp.amazon.com/issues/V2122030657,5,V2122030657,Janitorial Services - 5S Scraping - Provide a brief description:(  ) and site code: UNY5,Work In Progress,eridou,GSF Procurement-Soft Services,2026-02-26T22:41:25.035Z,Janitorial - 5S Scraping,2026-03-16T23:03:30.281Z,GSF Soft Services,19,2026-03-16T23:03:30.281Z
bdfb1412-ce1e-4f23-b693-5b9c339e65e7,https://t.corp.amazon.com/issues/V2128496009,5,V2128496009,Water Coolers - Repairs - site code:(UOR2  ),Pending,79d9fdda-320f-4c18-8784-b15baf2b0335,GSF Procurement-Soft Services,2026-03-04T19:43:31.776Z,Water Coolers - Repairs,2026-03-18T14:43:48.189Z,GSF Soft Services,13,2026-03-18T15:24:15.355Z
c6fc41c0-7b1c-454c-bf61-4d4dd4cc19a4,https://t.corp.amazon.com/issues/V2145099861,3,V2145099861,[UFL4] GSF Procurement - Cobweb removal,Researching,eridou,GSF Procurement-Soft Services,2026-03-18T14:38:30.518Z,Janitorial - Other Issue,2026-03-18T14:56:04.395Z,GSF Soft Services,0,2026-03-18T14:57:52.970Z
dae74aff-d9b4-47f5-a165-c6108464a2a9,https://t.corp.amazon.com/issues/V2118091696,5,V2118091696,Freezer PPE - Laundry Provider Escalation- UWA6 - Looking for additional service to clean all freezer suits.,Work In Progress,hosogise,GSF Procurement-Soft Services,2026-02-23T16:08:47.325Z,Freezer PPE - Laundry Provider Escalation,2026-03-17T14:11:39.616Z,GSF Soft Services,22,2026-03-17T14:11:39.616Z
b630178b-0776-4dfb-94e8-3b2729c71156,https://t.corp.amazon.com/issues/V2121103809,5,V2121103809,Equipment - Order Request : Pick Cart UTX9,Researching,gykalva,GSF Procurement-Soft Services,2026-02-26T03:54:49.035Z,Equipment - Order Requests,2026-03-13T18:36:24.715Z,GSF Soft Services,20,2026-03-14T20:05:26.447Z
ca381da8-b7e0-4dfc-9924-520e65f4cd5b,https://t.corp.amazon.com/issues/V2128788092,5,V2128788092,[MAB8] [Janitorial Services Request],Pending,eridou,GSF Procurement-Soft Services,2026-03-05T01:00:06.995Z,Janitorial - Vendor Escalation,2026-03-17T17:40:47.651Z,GSF Soft Services,13,2026-03-17T17:40:47.651Z
d832e269-a53a-4ba5-97cd-2efabe73fcd2,https://t.corp.amazon.com/issues/V2135928421,3,V2135928421,Food Safety (Swabs) - Order Request - Probe and infrared thermometer - USV1,Work In Progress,shkhatib,GSF Procurement-Soft Services,2026-03-11T08:40:29.282Z,Food Safety (Swabs) - Order Request,2026-03-17T21:01:55.543Z,GSF Soft Services,7,2026-03-17T21:01:55.543Z
fb16cb9a-6686-413f-af52-755cce39b798,https://t.corp.amazon.com/issues/V2140029409,4,V2140029409,Crown EPJ Speed Adjustment Model # WP3235-45 Serial # 11141061---------UVA1,Pending,79d9fdda-320f-4c18-8784-b15baf2b0335,GSF Procurement-Soft Services,2026-03-14T12:30:33.138Z,PIT - Corrective Maintenance/Repairs,2026-03-18T14:42:25.340Z,GSF Soft Services,4,2026-03-18T14:42:25.340Z
ea74e729-39d1-4e70-b3f9-a7e8c0e3568c,https://t.corp.amazon.com/issues/V2073116717,3,V2073116717,UPA1 EPJ Repair Request,Pending,lvishny,GSF Procurement-Soft Services,2026-01-14T23:38:00.834Z,PIT - Corrective Maintenance/Repairs,2026-03-18T14:27:33.189Z,GSF Soft Services,62,2026-03-18T14:27:33.189Z
cd29b196-bbed-43bb-8fff-aa180a1430d1,https://t.corp.amazon.com/issues/V2120798966,5,V2120798966,Requesting 1-800-Got-Junk Support (JFK2),Work In Progress,79d9fdda-320f-4c18-8784-b15baf2b0335,GSF Procurement-Soft Services,2026-02-25T21:47:39.840Z,Janitorial - Other Issue,2026-03-16T19:59:51.938Z,GSF Soft Services,20,2026-03-16T19:59:51.938Z
f56319a8-c120-49ca-b652-610a8b60ab23,https://t.corp.amazon.com/issues/V2104139986,3,V2104139986,Equipment - Cart Repairs: Short Description UNY2 cart repairs,Assigned,gykalva,GSF Procurement-Soft Services,2026-02-10T13:06:41.199Z,Equipment - Cart Repairs,2026-03-11T13:11:57.735Z,GSF Soft Services,36,2026-03-14T20:05:23.883Z
ebc0695b-df09-4895-9fd2-4b6756c14ff9,https://t.corp.amazon.com/issues/D398604607,4,D398604607,Under racking Ambient residue to be cleared,Work In Progress,shkhatib,GSF Procurement-Soft Services,2026-02-25T17:16:47.567Z,Janitorial - Vendor Escalation,2026-03-13T19:10:33.044Z,GSF Soft Services,20,2026-03-13T19:10:33.044Z
f80b7afe-d9ec-4f7e-91c1-e347bd048b55,https://t.corp.amazon.com/issues/V2140208246,5,V2140208246,[MAC9] [Cash Collection/Management Services Request],Assigned,haleyoli,GSF Procurement-Soft Services,2026-03-14T16:21:34.781Z,Cash Collection,2026-03-14T16:34:34.368Z,GSF Soft Services,3,2026-03-17T14:23:48.160Z
f9445251-70ad-4c3b-b79e-27b574c65285,https://t.corp.amazon.com/issues/V2143348000,5,V2143348000,PIT Equipment - Corrective Maintenance/Repairs - Site Code (UNY5),Work In Progress,lvishny,GSF Procurement-Soft Services,2026-03-17T06:33:59.744Z,PIT - Corrective Maintenance/Repairs,2026-03-17T14:20:11.515Z,GSF Soft Services,1,2026-03-17T14:20:11.515Z
b33a1906-1d5d-4fb5-b358-8715e5aec9d9,https://t.corp.amazon.com/issues/V2143916194,3,V2143916194,[MAI8] [Cash Collection/Management Services Request],Work In Progress,haleyoli,GSF Procurement-Soft Services,2026-03-17T16:52:31.754Z,Cash Collection,2026-03-17T19:45:40.841Z,GSF Soft Services,0,2026-03-17T19:45:47.065Z
d9352576-5acc-4277-a9c2-ea246cf342e4,https://t.corp.amazon.com/issues/V2118230900,3,V2118230900,Equipment - Order Request : Short Description: Shortage of TC cases Site code: ULA6,Researching,gykalva,GSF Procurement-Soft Services,2026-02-23T18:42:09.911Z,Equipment - Order Requests,2026-03-15T17:43:04.980Z,GSF Soft Services,22,2026-03-15T17:43:04.980Z
c177bd28-80c2-4840-a8d6-158a116d3e15,https://t.corp.amazon.com/issues/V2130076997,5,V2130076997,Waste/Corrugate Removal - Vendor Escalation - Site Code (UWA6),Pending,79d9fdda-320f-4c18-8784-b15baf2b0335,GSF Procurement-Soft Services,2026-03-06T02:11:55.376Z,Waste/Corrugate Removal - Vendor Escalation,2026-03-17T16:23:11.918Z,GSF Soft Services,12,2026-03-17T16:23:25.002Z
f7875fbf-18d3-4ddd-8dfb-e8e4fdfa734c,https://t.corp.amazon.com/issues/V2135921139,5,V2135921139,"[MAF3] [Trash, Recycling, Compost (Waste) Request]",Work In Progress,79d9fdda-320f-4c18-8784-b15baf2b0335,GSF Procurement-Soft Services,2026-03-11T08:30:55.790Z,Waste/Corrugate Removal - Vendor Escalation,2026-03-17T15:29:11.656Z,GSF Soft Services,7,2026-03-17T15:29:11.656Z
